"Journal Data Filtered By:  Selected JCR Year: 2019 Selected Editions: SCIE,SSCI Selected Categories: 'ECONOMICS' Selected Category Scheme: WoS",,,,,,
Rank,Full Journal Title,ISSN,Journal Impact Factor,5-Year Impact Factor,Eigenfactor Score,Article Influence Score
1,QUARTERLY JOURNAL OF ECONOMICS,0033-5533,11.375,16.095,0.055720,22.016
2,JOURNAL OF ECONOMIC PERSPECTIVES,0895-3309,9.912,11.206,0.022100,7.831
3,ECONOMIC GEOGRAPHY,0013-0095,8.279,9.912,0.003050,2.652
4,BROOKINGS PAPERS ON ECONOMIC ACTIVITY,0007-2303,7.800,6.451,0.006330,7.054
5,JOURNAL OF FINANCE,0022-1082,6.813,9.738,0.043220,10.044
6,JOURNAL OF ECONOMIC LITERATURE,0022-0515,6.585,7.896,0.012880,7.598
7,Review of Environmental Economics and Policy,1750-6816,6.487,6.953,0.003520,3.238
8,JOURNAL OF FINANCIAL ECONOMICS,0304-405X,5.731,8.804,0.052230,7.153
9,AMERICAN ECONOMIC REVIEW,0002-8282,5.558,7.872,0.121110,9.105
10,JOURNAL OF POLITICAL ECONOMY,0022-3808,5.504,7.160,0.034990,11.377
11,ENERGY ECONOMICS,0140-9883,5.203,5.790,0.022050,1.178
12,Journal of the Association of Environmental and Resource Economists,2333-5955,5.167,5.098,0.005070,3.016
13,ENERGY POLICY,0301-4215,5.042,5.693,0.043290,1.156
14,American Economic Journal-Applied Economics,1945-7782,5.034,6.430,0.018960,7.491
15,JOURNAL OF POLICY ANALYSIS AND MANAGEMENT,0276-8739,5.018,5.178,0.006670,3.470
16,REVIEW OF ECONOMIC STUDIES,0034-6527,4.890,6.487,0.034490,10.133
17,SMALL BUSINESS ECONOMICS,0921-898X,4.803,5.377,0.006880,1.109
18,TRANSPORTATION RESEARCH PART B-METHODOLOGICAL,0191-2615,4.796,5.631,0.017410,1.530
19,VALUE IN HEALTH,1098-3015,4.748,6.195,0.017400,1.987
20,TRANSPORTATION RESEARCH PART E-LOGISTICS AND TRANSPORTATION REVIEW,1366-5545,4.690,5.326,0.010950,1.190
21,REVIEW OF FINANCIAL STUDIES,0893-9454,4.649,7.100,0.045610,7.180
22,JOURNAL OF ECONOMIC GROWTH,1381-4338,4.615,7.500,0.004090,5.050
23,NBER Macroeconomics Annual,0889-3365,4.600,Not Available,0.003210,Not Available
24,ECONOMIC POLICY,0266-4658,4.485,4.573,0.003530,3.410
25,Cambridge Journal of Regions Economy and Society,1752-1378,4.483,6.160,0.003260,1.719
26,ECOLOGICAL ECONOMICS,0921-8009,4.482,5.236,0.019390,1.104
27,REVIEW OF ECONOMICS AND STATISTICS,0034-6535,4.345,5.344,0.024020,5.302
28,FOOD POLICY,0306-9192,4.189,5.341,0.010170,1.481
29,SOCIO-ECONOMIC PLANNING SCIENCES,0038-0121,4.149,3.571,0.001390,0.828
30,ECONOMETRICA,0012-9682,3.992,6.167,0.040740,10.351
30,TRANSPORTATION RESEARCH PART A-POLICY AND PRACTICE,0965-8564,3.992,5.021,0.016840,1.187
32,American Economic Journal-Economic Policy,1945-7731,3.949,5.601,0.018820,6.522
33,WORLD DEVELOPMENT,0305-750X,3.869,4.749,0.024820,1.454
34,Journal of Transport Geography,0966-6923,3.834,4.969,0.010280,1.079
35,Socio-Economic Review,1475-1461,3.774,5.176,0.004930,2.549
36,JOURNAL OF ACCOUNTING & ECONOMICS,0165-4101,3.723,6.700,0.007850,3.267
37,JOURNAL OF HUMAN RESOURCES,0022-166X,3.698,6.899,0.012590,6.261
38,Journal of Competitiveness,1804-171X,3.649,Not Available,0.000240,Not Available
39,Annual Review of Economics,1941-1383,3.591,6.102,0.010900,6.733
40,PHARMACOECONOMICS,1170-7690,3.563,4.571,0.009130,1.495
41,WORLD BANK RESEARCH OBSERVER,0257-3032,3.500,4.500,0.002040,3.505
42,JOURNAL OF ENVIRONMENTAL ECONOMICS AND MANAGEMENT,0095-0696,3.449,4.198,0.007390,1.705
43,American Economic Journal-Macroeconomics,1945-7707,3.438,4.450,0.012010,5.932
43,OXFORD REVIEW OF ECONOMIC POLICY,0266-903X,3.438,2.896,0.002480,1.134
45,Journal of the European Economic Association,1542-4766,3.388,4.361,0.014480,5.228
46,Transport Policy,0967-070X,3.382,3.933,0.007480,0.866
47,JOURNAL OF LABOR ECONOMICS,0734-306X,3.356,5.495,0.015050,6.537
48,Industry and Innovation,1366-2716,3.351,3.151,0.001590,0.706
49,European Research on Management and Business Economics,2444-8834,3.317,2.703,0.000160,0.204
50,REGIONAL STUDIES,0034-3404,3.312,4.174,0.008740,1.071
51,JOURNAL OF ECONOMIC GEOGRAPHY,1468-2702,3.289,5.118,0.005410,1.869
52,Economics of Energy & Environmental Policy,2160-5882,3.217,2.013,0.000550,0.582
53,Review of International Organizations,1559-7431,3.214,3.989,0.002360,1.991
54,WORK EMPLOYMENT AND SOCIETY,0950-0170,3.171,3.534,0.003830,1.070
55,NEW POLITICAL ECONOMY,1356-3467,3.157,3.193,0.003240,1.238
56,FOREST POLICY AND ECONOMICS,1389-9341,3.139,3.085,0.004960,0.563
57,JOURNAL OF ECONOMIC SURVEYS,0950-0804,3.126,4.057,0.004890,1.586
58,Emerging Markets Review,1566-0141,3.092,3.282,0.001770,0.636
59,AMERICAN JOURNAL OF AGRICULTURAL ECONOMICS,0002-9092,3.028,3.442,0.006780,1.379
60,JOURNAL OF MONETARY ECONOMICS,0304-3932,2.963,3.673,0.016910,4.162
61,JOURNAL OF BUSINESS & ECONOMIC STATISTICS,0735-0015,2.935,3.271,0.008700,3.212
62,Review of Finance,1572-3097,2.885,3.066,0.009360,2.319
63,Marine Resource Economics,0738-1360,2.868,2.224,0.000970,0.724
64,JOURNAL OF URBAN ECONOMICS,0094-1190,2.858,3.585,0.006330,2.019
65,JOURNAL OF HEALTH ECONOMICS,0167-6296,2.827,4.056,0.014060,2.573
66,INTERNATIONAL JOURNAL OF FORECASTING,0169-2070,2.825,3.964,0.007060,1.443
67,Applied Economic Perspectives and Policy,2040-5790,2.779,2.611,0.001800,0.880
68,FUTURES,0016-3287,2.769,3.091,0.003010,0.545
69,ECONOMIC JOURNAL,0013-0133,2.764,4.086,0.023360,3.627
70,Annual Review of Resource Economics,1941-1340,2.745,3.636,0.002680,1.798
71,CHINA ECONOMIC REVIEW,1043-951X,2.736,3.372,0.005380,0.894
72,JOURNAL OF FINANCIAL AND QUANTITATIVE ANALYSIS,0022-1090,2.707,3.402,0.009510,2.174
73,JOURNAL OF DEVELOPMENT ECONOMICS,0304-3878,2.649,3.644,0.014350,2.460
74,Journal of International Financial Markets Institutions & Money,1042-4431,2.553,2.716,0.003090,0.574
75,JCMS-Journal of Common Market Studies,0021-9886,2.543,2.843,0.006410,1.047
76,JOURNAL OF AGRICULTURAL ECONOMICS,0021-857X,2.529,3.260,0.002240,0.886
77,International Environmental Agreements-Politics Law and Economics,1567-9764,2.511,2.630,0.001710,0.750
78,Journal of Financial Stability,1572-3089,2.451,2.894,0.004240,0.891
79,Applied Health Economics and Health Policy,1175-5652,2.442,Not Available,0.003150,Not Available
80,Education Finance and Policy,1557-3060,2.395,2.584,0.002160,1.694
81,ENERGY JOURNAL,0195-6574,2.394,2.639,0.003140,0.845
82,European Journal of Health Economics,1618-7598,2.367,2.528,0.004720,0.843
83,EUROPEAN REVIEW OF AGRICULTURAL ECONOMICS,0165-1587,2.323,2.709,0.001590,0.797
84,REVIEW OF INTERNATIONAL POLITICAL ECONOMY,0969-2290,2.312,3.909,0.004240,1.704
85,ENVIRONMENTAL & RESOURCE ECONOMICS,0924-6460,2.286,2.490,0.005340,0.825
85,Journal of Commodity Markets,2405-8513,2.286,2.387,0.000470,0.610
87,Economic Systems Research,0953-5314,2.273,3.328,0.001450,0.838
88,JOURNAL OF BANKING & FINANCE,0378-4266,2.269,3.377,0.015250,1.038
89,AGRICULTURAL ECONOMICS,0169-5150,2.263,3.172,0.003720,0.858
90,Economic and Labour Relations Review,1035-3046,2.259,1.974,0.000810,0.415
91,JOURNAL OF INTERNATIONAL ECONOMICS,0022-1996,2.255,3.448,0.015300,2.669
92,HEALTH ECONOMICS,1057-9230,2.250,2.666,0.011230,1.311
92,MATHEMATICAL FINANCE,0960-1627,2.250,2.703,0.003870,1.858
94,Economic Research-Ekonomska Istrazivanja,1331-677X,2.229,2.167,0.001310,0.248
95,Eurasian Business Review,1309-4297,2.222,Not Available,0.000310,Not Available
96,PAPERS IN REGIONAL SCIENCE,1056-8190,2.220,2.165,0.002140,0.609
97,JOURNAL OF PUBLIC ECONOMICS,0047-2727,2.218,3.008,0.020520,2.716
98,Technological and Economic Development of Economy,2029-4913,2.194,2.786,0.001270,0.352
99,Competition & Change,1024-5294,2.188,Not Available,0.000900,Not Available
99,EXPERIMENTAL ECONOMICS,1386-4157,2.188,2.801,0.004800,1.989
101,POST-SOVIET AFFAIRS,1060-586X,2.167,2.348,0.001510,1.041
102,Econometrics Journal,1368-4221,2.139,1.700,0.002350,2.067
103,Borsa Istanbul Review,2214-8450,2.130,Not Available,0.000380,Not Available
104,Oeconomia Copernicana,2083-1277,2.128,Not Available,0.000120,Not Available
105,JOURNAL OF REGIONAL SCIENCE,0022-4146,2.088,2.805,0.002140,0.916
106,Journal of Choice Modelling,1755-5345,2.071,2.147,0.001180,0.809
107,Annual Review of Financial Economics,1941-1367,2.057,3.409,0.003490,3.141
108,Structural Change and Economic Dynamics,0954-349X,2.023,1.940,0.000840,0.398
109,JOURNAL OF COMPARATIVE ECONOMICS,0147-5967,1.992,2.473,0.003980,0.999
110,Journal of Agrarian Change,1471-0358,1.989,2.346,0.002100,0.931
111,INDUSTRIAL AND CORPORATE CHANGE,0960-6491,1.981,2.601,0.002590,0.793
112,Economic Analysis and Policy,0313-5926,1.973,Not Available,0.001070,Not Available
113,ECONOMIC MODELLING,0264-9993,1.930,2.362,0.009430,0.461
114,American Journal of Health Economics,2332-3493,1.902,1.915,0.001560,1.504
115,JOURNAL OF APPLIED ECONOMETRICS,0883-7252,1.901,2.796,0.008510,2.020
116,Research in Transportation Economics,0739-8859,1.896,1.992,0.002110,0.463
117,Economics & Human Biology,1570-677X,1.876,2.252,0.003290,0.828
118,Water Resources and Economics,2212-4284,1.875,Not Available,0.000590,Not Available
119,China & World Economy,1671-2234,1.865,1.283,0.000760,0.327
120,JOURNAL OF POPULATION ECONOMICS,0933-1433,1.840,2.353,0.003550,1.397
121,RESOURCE AND ENERGY ECONOMICS,0928-7655,1.829,2.630,0.002400,0.867
122,Economics & Politics,0954-1985,1.828,1.614,0.001130,1.023
123,Journal of Institutional Economics,1744-1374,1.827,1.834,0.001190,0.507
124,Tourism Economics,1354-8166,1.819,1.657,0.001260,0.234
125,International Review of Economics & Finance,1059-0560,1.818,2.119,0.003820,0.373
126,ECONOMIC DEVELOPMENT AND CULTURAL CHANGE,0013-0079,1.816,2.248,0.002910,1.904
127,Journal of Asian Economics,1049-0078,1.797,Not Available,0.000670,Not Available
128,China Agricultural Economic Review,1756-137X,1.775,1.636,0.000620,0.249
129,Journal of Wine Economics,1931-4361,1.774,Not Available,0.000390,Not Available
130,WORLD BANK ECONOMIC REVIEW,0258-6770,1.761,2.494,0.003230,1.468
131,JOURNAL OF RISK AND UNCERTAINTY,0895-5646,1.756,2.125,0.001770,1.252
132,Journal of the Economics of Ageing,2212-828X,1.755,Not Available,0.000880,Not Available
133,ANNALS OF REGIONAL SCIENCE,0570-1864,1.750,1.783,0.001600,0.436
134,ECONOMICS LETTERS,0165-1765,1.745,1.465,0.015890,0.596
135,EUROPEAN ECONOMIC REVIEW,0014-2921,1.744,2.543,0.014640,1.789
136,Journal of Cultural Economics,0885-2545,1.740,1.755,0.000420,0.319
136,Journal of Forest Economics,1104-6899,1.740,1.895,0.000750,0.395
138,JOURNAL OF CONSUMER AFFAIRS,0022-0078,1.733,2.478,0.001070,0.633
139,IMF Economic Review,2041-4161,1.727,2.620,0.004260,2.784
140,JOURNAL OF ECONOMIC PSYCHOLOGY,0167-4870,1.718,2.451,0.004230,0.972
141,CAMBRIDGE JOURNAL OF ECONOMICS,0309-166X,1.717,2.191,0.003110,0.662
142,KYKLOS,0023-5962,1.708,1.816,0.001020,0.649
143,Journal of Contemporary Accounting & Economics,1815-5669,1.690,Not Available,0.000190,Not Available
144,REGIONAL SCIENCE AND URBAN ECONOMICS,0166-0462,1.667,2.533,0.004800,1.013
145,Economics of Transportation,2212-0122,1.654,Not Available,0.000860,Not Available
145,INFORMATION ECONOMICS AND POLICY,0167-6245,1.654,1.626,0.000670,0.436
147,Journal of Business Economics and Management,1611-1699,1.640,1.741,0.000750,0.190
148,Theoretical Economics,1933-6837,1.631,2.074,0.007970,3.600
149,Spatial Economic Analysis,1742-1772,1.628,1.932,0.000730,0.565
150,Amfiteatru Economic,1582-9146,1.625,1.036,0.000260,0.057
151,Transformations in Business & Economics,1648-4460,1.621,0.944,0.000380,0.070
152,LAND ECONOMICS,0023-7639,1.620,2.339,0.002070,0.880
152,RAND JOURNAL OF ECONOMICS,0741-6261,1.620,2.243,0.006560,2.744
154,Journal of Sports Economics,1527-0025,1.615,1.527,0.001000,0.385
155,INTERNATIONAL LABOUR REVIEW,0020-7780,1.604,1.586,0.000890,0.530
156,JOURNAL OF DEVELOPMENT STUDIES,0022-0388,1.596,2.111,0.005630,0.798
157,Journal of Financial Econometrics,1479-8409,1.595,2.523,0.002440,1.742
158,JOURNAL OF HOUSING ECONOMICS,1051-1377,1.594,1.959,0.001280,0.688
159,JOURNAL OF ECONOMIC BEHAVIOR & ORGANIZATION,0167-2681,1.591,2.239,0.018740,1.317
160,REAL ESTATE ECONOMICS,1080-8620,1.585,1.507,0.001440,0.803
161,Economic Systems,0939-3625,1.578,2.028,0.001020,0.379
162,JOURNAL OF ECONOMETRICS,0304-4076,1.577,2.768,0.019990,2.156
163,Journal of Economic Methodology,1350-178X,1.575,Not Available,0.000610,Not Available
164,JOURNAL OF FORECASTING,0277-6693,1.570,1.486,0.001850,0.574
165,Journal of Empirical Finance,0927-5398,1.566,1.891,0.003950,0.807
166,Journal of Economic Interaction and Coordination,1860-711X,1.565,1.478,0.000450,0.403
167,Economics of Innovation and New Technology,1043-8599,1.563,Not Available,0.000840,Not Available
168,INTERNATIONAL ECONOMIC REVIEW,0020-6598,1.560,2.274,0.008020,2.288
169,Health Economics Review,2191-1991,1.543,Not Available,0.001510,Not Available
170,North American Journal of Economics and Finance,1062-9408,1.535,1.756,0.001440,0.310
171,JOURNAL OF ECONOMIC HISTORY,0022-0507,1.532,1.748,0.002990,1.451
172,REVIEW OF ECONOMIC DYNAMICS,1094-2025,1.529,2.150,0.007410,2.382
173,JOURNAL OF RISK AND INSURANCE,0022-4367,1.512,2.049,0.001810,0.778
174,Economic Change and Restructuring,1573-9414,1.500,Not Available,0.000130,Not Available
174,World Trade Review,1474-7456,1.500,1.142,0.000800,0.476
176,QUANTITATIVE FINANCE,1469-7688,1.491,1.515,0.004740,0.606
177,JOURNAL OF POLICY MODELING,0161-8938,1.486,1.533,0.001390,0.313
178,ECONOMICA,0013-0427,1.478,1.781,0.003290,1.424
179,European Journal of Political Economy,0176-2680,1.446,1.910,0.003160,0.723
180,SCANDINAVIAN JOURNAL OF ECONOMICS,0347-0520,1.439,1.773,0.003230,1.291
181,Cliometrica,1863-2505,1.438,1.113,0.000550,0.615
182,JOURNAL OF EVOLUTIONARY ECONOMICS,0936-9937,1.433,1.506,0.001080,0.365
183,JOURNAL OF ECONOMICS & MANAGEMENT STRATEGY,1058-6407,1.432,1.905,0.003320,1.308
184,ENVIRONMENT AND DEVELOPMENT ECONOMICS,1355-770X,1.429,1.730,0.001310,0.584
185,ECONOMIC DEVELOPMENT QUARTERLY,0891-2424,1.426,1.667,0.000650,0.433
186,BULLETIN OF INDONESIAN ECONOMIC STUDIES,0007-4918,1.414,1.470,0.001040,0.994
187,EXPLORATIONS IN ECONOMIC HISTORY,0014-4983,1.411,1.618,0.002290,1.382
188,FEMINIST ECONOMICS,1354-5701,1.406,2.327,0.001690,0.844
189,REVIEW OF INCOME AND WEALTH,0034-6586,1.402,1.797,0.003320,1.027
190,AUSTRALIAN JOURNAL OF AGRICULTURAL AND RESOURCE ECONOMICS,1364-985X,1.386,1.795,0.000930,0.421
191,JOURNAL OF PRODUCTIVITY ANALYSIS,0895-562X,1.375,1.950,0.001800,0.708
191,Journal of Real Estate Research,0896-5803,1.375,1.400,0.000380,0.302
193,Journal of Economics,0931-8658,1.373,1.444,0.000850,0.362
194,INSURANCE MATHEMATICS & ECONOMICS,0167-6687,1.359,1.691,0.004720,0.617
195,JOURNAL OF MONEY CREDIT AND BANKING,0022-2879,1.355,2.356,0.007580,1.693
196,ECONOMICS OF EDUCATION REVIEW,0272-7757,1.354,2.414,0.007040,1.430
197,LABOUR ECONOMICS,0927-5371,1.335,1.888,0.006460,1.273
198,Journal of Cultural Economy,1753-0350,1.329,1.349,0.001100,0.508
199,American Economic Journal-Microeconomics,1945-7669,1.325,2.073,0.008600,3.121
200,Computational Economics,0927-7099,1.317,1.297,0.001350,0.314
201,Empirical Economics,0377-7332,1.308,1.299,0.003380,0.394
202,Asian Economic Policy Review,1832-8105,1.304,1.203,0.000340,0.462
203,Annals of Public and Cooperative Economics,1370-4788,1.271,Not Available,0.000420,Not Available
203,Climate Change Economics,2010-0078,1.271,Not Available,0.000950,Not Available
203,Quantitative Economics,1759-7323,1.271,1.887,0.005780,3.243
206,Journal of Pension Economics & Finance,1474-7472,1.261,1.452,0.000700,0.539
207,DEFENCE AND PEACE ECONOMICS,1024-2694,1.247,1.323,0.000760,0.301
208,Astin Bulletin,0515-0361,1.236,1.473,0.001340,0.719
209,Zeitschrift fur Wirtschaftsgeographie,0044-3751,1.231,1.101,0.000260,0.304
210,GAMES AND ECONOMIC BEHAVIOR,0899-8256,1.223,1.383,0.011660,1.412
211,Agribusiness,0742-4477,1.218,1.559,0.000740,0.313
212,EMERGING MARKETS FINANCE AND TRADE,1540-496X,1.214,1.156,0.002030,0.190
213,ECONOMY AND SOCIETY,0308-5147,1.208,2.754,0.001760,1.108
214,JOURNAL OF ECONOMIC DYNAMICS & CONTROL,0165-1889,1.204,1.653,0.008510,0.949
215,E & M Ekonomie a Management,1212-3609,1.195,1.065,0.000290,0.086
216,Baltic Journal of Economics,1406-099X,1.188,1.250,0.000100,0.194
217,JOURNAL OF AGRICULTURAL AND RESOURCE ECONOMICS,1068-5502,1.184,1.773,0.000740,0.492
218,ECONOMIC INQUIRY,0095-2583,1.183,1.465,0.005920,0.875
219,Review of Economics of the Household,1569-5239,1.179,1.264,0.001960,0.705
220,ECONOMETRIC THEORY,0266-4666,1.170,1.276,0.003820,1.413
221,JOURNAL OF REGULATORY ECONOMICS,0922-680X,1.158,1.223,0.000800,0.459
222,JOURNAL OF ECONOMIC EDUCATION,0022-0485,1.157,1.402,0.000420,0.188
223,FISCAL STUDIES,0143-5671,1.149,1.287,0.001310,0.849
224,TIJDSCHRIFT VOOR ECONOMISCHE EN SOCIALE GEOGRAFIE,0040-747X,1.146,1.281,0.000880,0.297
225,Journal of Behavioral and Experimental Economics,2214-8043,1.145,1.431,0.002530,0.557
226,JOURNAL OF ECONOMIC THEORY,0022-0531,1.124,1.588,0.017660,2.184
227,European Review of Economic History,1361-4916,1.114,1.290,0.001020,0.808
228,INTERNATIONAL JOURNAL OF INDUSTRIAL ORGANIZATION,0167-7187,1.113,1.425,0.003880,0.952
229,Agricultural Economics-Zemedelska Ekonomika,0139-570X,1.106,1.209,0.000370,0.112
230,APPLIED ECONOMICS,0003-6846,1.103,1.178,0.006840,0.267
231,Economics-The Open Access Open-Assessment E-Journal,1864-6042,1.098,0.892,0.000580,0.208
232,CONTEMPORARY ECONOMIC POLICY,1074-3529,1.087,1.316,0.001580,0.508
233,Journal of International Trade & Economic Development,0963-8199,1.073,1.057,0.000710,0.229
234,ECONOMIC HISTORY REVIEW,0013-0117,1.063,1.442,0.002230,0.781
235,ECONOMIC THEORY,0938-2259,1.051,1.036,0.004300,1.027
236,Journal of Economic Inequality,1569-1721,1.044,1.769,0.001290,0.849
237,OPEN ECONOMIES REVIEW,0923-7992,1.035,1.165,0.001020,0.381
237,PUBLIC CHOICE,0048-5829,1.035,1.336,0.003060,0.611
237,SOUTH AFRICAN JOURNAL OF ECONOMICS,0038-2280,1.035,1.173,0.000570,0.283
240,International Journal of Emerging Markets,1746-8809,1.022,Not Available,0.000330,Not Available
241,Inzinerine Ekonomika-Engineering Economics,1392-2785,1.000,1.028,0.000320,0.088
241,JOURNAL OF AFRICAN ECONOMIES,0963-8024,1.000,1.481,0.001490,0.748
241,Journal of Economic Policy Reform,1748-7870,1.000,1.450,0.000500,0.401
241,Journal of Neuroscience Psychology and Economics,1937-321X,1.000,1.525,0.000640,0.634
241,Metroeconomica,0026-1386,1.000,1.000,0.000520,0.250
246,Journal of Public Economic Theory,1097-3923,0.991,0.926,0.001140,0.375
247,International Journal of Health  Economics and Management,2199-9023,0.977,0.917,0.000510,0.483
248,MACROECONOMIC DYNAMICS,1365-1005,0.976,1.111,0.002710,0.526
249,JOURNAL OF REAL ESTATE FINANCE AND ECONOMICS,0895-5638,0.967,1.415,0.001290,0.437
250,American Law and Economics Review,1465-7252,0.963,1.297,0.000900,0.964
251,WORLD ECONOMY,0378-5920,0.960,1.358,0.003000,0.438
252,JOURNAL OF LAW & ECONOMICS,0022-2186,0.958,1.921,0.003560,1.853
253,JOURNAL OF LAW ECONOMICS & ORGANIZATION,8756-6222,0.952,1.286,0.001680,1.000
253,JOURNAL OF MACROECONOMICS,0164-0704,0.952,1.228,0.002100,0.403
255,Journal of Human Capital,1932-8575,0.944,1.602,0.001010,0.966
256,ECONOMICS OF TRANSITION,0967-0750,0.943,1.159,0.000510,0.321
257,ECONOMICS AND PHILOSOPHY,0266-2671,0.941,1.322,0.000700,0.640
258,JAPAN AND THE WORLD ECONOMY,0922-1425,0.939,1.096,0.000380,0.265
259,Econometric Reviews,0747-4938,0.933,1.344,0.002620,0.850
260,JOURNAL OF WORLD TRADE,1011-6702,0.931,0.710,0.000560,0.207
261,Journal of Behavioral Finance,1542-7560,0.930,1.116,0.000370,0.192
262,INTERNATIONAL TAX AND PUBLIC FINANCE,0927-5940,0.925,1.179,0.001680,0.593
263,SOUTHERN ECONOMIC JOURNAL,0038-4038,0.922,1.179,0.002420,0.686
264,JOURNAL OF TRANSPORT ECONOMICS AND POLICY,0022-5258,0.919,1.400,0.000720,0.474
265,OXFORD BULLETIN OF ECONOMICS AND STATISTICS,0305-9049,0.918,1.498,0.002520,0.879
266,ACTA OECONOMICA,0001-6373,0.914,0.650,0.000150,0.052
267,JOURNAL OF THE JAPANESE AND INTERNATIONAL ECONOMIES,0889-1583,0.909,1.026,0.000580,0.298
268,OXFORD ECONOMIC PAPERS-NEW SERIES,0030-7653,0.904,1.477,0.002540,0.768
269,Empirica,0340-8744,0.890,0.921,0.000550,0.247
270,EUROPE-ASIA STUDIES,0966-8136,0.883,1.160,0.001870,0.432
271,Journal of Demographic Economics,2054-0892,0.882,1.059,0.000720,0.837
272,Journal of the Asia Pacific Economy,1354-7860,0.877,1.017,0.000510,0.234
273,POST-COMMUNIST ECONOMIES,1463-1377,0.875,0.969,0.000350,0.171
274,International Review of Economics Education,1477-3880,0.867,Not Available,0.000230,Not Available
275,German Economic Review,1465-6485,0.860,1.212,0.000780,0.528
276,CANADIAN JOURNAL OF AGRICULTURAL ECONOMICS-REVUE CANADIENNE D AGROECONOMIE,0008-3976,0.855,1.185,0.000510,0.277
277,EASTERN EUROPEAN ECONOMICS,0012-8775,0.854,0.888,0.000210,0.137
278,International Finance,1367-0271,0.848,1.074,0.000380,0.372
279,SOCIAL CHOICE AND WELFARE,0176-1714,0.843,0.758,0.002600,0.524
280,Review of Development Economics,1363-6669,0.841,0.861,0.001110,0.250
281,DEVELOPING ECONOMIES,0012-1533,0.840,0.781,0.000160,0.205
282,HISTORY OF POLITICAL ECONOMY,0018-2702,0.829,0.836,0.000720,0.304
283,SINGAPORE ECONOMIC REVIEW,0217-5908,0.807,0.665,0.000390,0.113
284,INTERNATIONAL REVIEW OF LAW AND ECONOMICS,0144-8188,0.806,0.936,0.001250,0.490
285,THEORY AND DECISION,0040-5833,0.798,0.902,0.002490,0.643
286,Mathematics and Financial Economics,1862-9679,0.792,0.807,0.000810,0.588
287,Journal of Family and Economic Issues,1058-0476,0.787,Not Available,0.001030,Not Available
288,AUSTRALIAN ECONOMIC PAPERS,0004-900X,0.783,0.830,0.000160,0.123
288,Latin American Economic Review,2198-3526,0.783,0.945,0.000150,0.228
290,CANADIAN PUBLIC POLICY-ANALYSE DE POLITIQUES,0317-0861,0.776,0.897,0.000780,0.319
291,Asian Journal of Technology Innovation,1976-1597,0.767,1.041,0.000210,0.142
291,REVIEW OF WORLD ECONOMICS,1610-2878,0.767,1.473,0.001340,0.706
293,JOURNAL OF INDUSTRIAL ECONOMICS,0022-1821,0.764,1.261,0.002410,1.381
294,Romanian Journal of Economic Forecasting,1582-6163,0.756,0.673,0.000170,0.070
295,APPLIED ECONOMICS LETTERS,1350-4851,0.752,0.818,0.003770,0.207
296,Geneva Risk and Insurance Review,1554-964X,0.750,1.024,0.000390,0.740
297,JOURNAL OF MATHEMATICAL ECONOMICS,0304-4068,0.746,0.718,0.003600,0.613
298,Economic Computation and Economic Cybernetics Studies and Research,0424-267X,0.743,0.748,0.000460,0.100
299,Asian Economic Journal,1351-3958,0.722,0.696,0.000240,0.207
300,Series-Journal of the Spanish Economic Association,1869-4187,0.719,0.863,0.000430,0.428
301,ECONOMIC RECORD,0013-0249,0.712,0.828,0.000600,0.275
302,Australian Economic Review,0004-9018,0.711,0.715,0.000500,0.191
303,CANADIAN JOURNAL OF ECONOMICS-REVUE CANADIENNE D ECONOMIQUE,0008-4085,0.710,1.164,0.003380,0.952
303,Economics of Governance,1435-6104,0.710,1.101,0.000250,0.254
305,Asia-Pacific Journal of Accounting & Economics,1608-1625,0.705,0.906,0.000230,0.147
305,ECONOMIC AND SOCIAL REVIEW,0012-9984,0.705,0.919,0.000390,0.282
307,Review of Keynesian Economics,2049-5323,0.689,1.074,0.000700,0.375
308,Journal of Australian Political Economy,0156-5826,0.688,0.642,0.000190,0.188
309,Prague Economic Papers,1210-0455,0.687,0.714,0.000250,0.100
310,Portuguese Economic Journal,1617-982X,0.684,0.467,0.000040,0.087
311,CESifo Economic Studies,1610-241X,0.679,0.914,0.000880,0.499
311,European Journal of Law and Economics,0929-1261,0.679,0.809,0.000560,0.190
313,MATHEMATICAL SOCIAL SCIENCES,0165-4896,0.669,0.672,0.001850,0.449
314,JAHRBUCHER FUR NATIONALOKONOMIE UND STATISTIK,0021-4027,0.658,0.764,0.000400,0.254
315,FEDERAL RESERVE BANK OF ST LOUIS REVIEW,0014-9187,0.650,0.600,0.000310,0.274
316,JOURNAL OF POST KEYNESIAN ECONOMICS,0160-3477,0.635,0.693,0.000400,0.195
317,Review of International Economics,0965-7576,0.634,1.400,0.001800,0.569
318,Journal of Korea Trade,****-****,0.628,0.476,0.000020,0.022
319,NATIONAL TAX JOURNAL,0028-0283,0.623,0.947,0.001170,0.545
320,MANCHESTER SCHOOL,1463-6786,0.622,0.678,0.000750,0.283
321,Independent Review,1086-1653,0.615,0.500,0.000230,0.114
322,HITOTSUBASHI JOURNAL OF ECONOMICS,0018-280X,0.611,0.569,0.000110,0.158
323,REVIEW OF RADICAL POLITICAL ECONOMICS,0486-6134,0.607,0.796,0.000740,0.300
324,South African Journal of Economic and Management Sciences,2222-3436,0.597,0.707,0.000300,0.087
325,Asian Economic Papers,1535-3516,0.596,0.754,0.000220,0.150
326,Journal of Applied Economics,1514-0326,0.586,0.833,0.000290,0.299
327,QME-Quantitative Marketing and Economics,1570-7156,0.583,1.345,0.001290,1.766
328,Revista de Historia Economica,0212-6109,0.581,0.711,0.000330,0.352
329,JOURNAL OF ECONOMIC ISSUES,0021-3624,0.577,0.795,0.000570,0.136
330,INTERNATIONAL JOURNAL OF GAME THEORY,0020-7276,0.565,0.618,0.001810,0.564
330,Journal of Competition Law & Economics,1744-6414,0.565,0.671,0.000700,0.345
332,EKONOMICKY CASOPIS,0013-3035,0.560,0.579,0.000210,0.065
333,ECONOMIST-NETHERLANDS,0013-063X,0.550,0.878,0.000350,0.286
333,Hacienda Publica Espanola-Review of Public Economics,0210-1173,0.550,0.604,0.000110,0.089
335,SCOTTISH JOURNAL OF POLITICAL ECONOMY,0036-9292,0.540,0.608,0.000280,0.175
336,Global Economic Review,1226-508X,0.533,1.009,0.000340,0.247
336,STUDIES IN NONLINEAR DYNAMICS AND ECONOMETRICS,1081-1826,0.533,0.705,0.000560,0.300
338,International Journal of Transport Economics,0391-8440,0.509,0.419,0.000110,0.078
339,Panoeconomicus,1452-595X,0.508,0.657,0.000220,0.107
340,REVIEW OF INDUSTRIAL ORGANIZATION,0889-938X,0.505,0.781,0.001270,0.443
341,Pacific Economic Review,1361-374X,0.500,0.740,0.000570,0.271
342,MANAGERIAL AND DECISION ECONOMICS,0143-6570,0.494,Not Available,0.000710,Not Available
343,Asian-Pacific Economic Literature,0818-9935,0.485,0.481,0.000090,0.098
344,Revista de Economia Aplicada,1133-455X,0.481,0.466,0.000160,0.181
345,Custos e Agronegocio On Line,1808-2882,0.464,0.407,0.000090,0.019
346,Economia Politica,1120-2890,0.453,0.655,0.000260,0.178
347,Cepal Review,0251-2920,0.441,0.589,0.000220,0.115
347,Econ Journal Watch,1933-527X,0.441,0.471,0.000170,0.115
349,European Journal of the History of Economic Thought,0967-2567,0.398,0.479,0.000600,0.226
350,Annals of Economics and Finance,1529-7373,0.396,0.695,0.000320,0.245
351,Revista de Historia Industrial,1132-7200,0.392,0.450,0.000230,0.141
352,Review of Economic Design,1434-4742,0.391,0.691,0.000530,0.627
353,JAPANESE ECONOMIC REVIEW,1352-4739,0.389,0.519,0.000530,0.315
354,TRIMESTRE ECONOMICO,0041-3011,0.386,0.262,0.000090,0.052
355,B E Journal of Macroeconomics,1935-1690,0.380,0.475,0.000330,0.225
356,AMERICAN JOURNAL OF ECONOMICS AND SOCIOLOGY,0002-9246,0.371,0.605,0.000270,0.149
357,POLITICKA EKONOMIE,0032-3233,0.351,0.329,0.000090,0.035
358,BULLETIN OF ECONOMIC RESEARCH,0307-3378,0.333,0.411,0.000260,0.114
359,B E Journal of Economic Analysis & Policy,1935-1682,0.330,0.592,0.001290,0.353
360,JOURNAL OF INSTITUTIONAL AND THEORETICAL ECONOMICS-ZEITSCHRIFT FUR DIE GESAMTE STAATSWISSENSCHAFT,0932-4569,0.328,0.382,0.000440,0.196
361,Review of Derivatives Research,1380-6645,0.318,0.648,0.000120,0.183
362,Argumenta Oeconomica,1233-5835,0.288,0.395,0.000040,0.030
363,AUSTRALIAN ECONOMIC HISTORY REVIEW,0004-8992,0.273,0.446,0.000200,0.219
364,Investigacion Economica,0185-1667,0.262,0.330,0.000080,0.064
365,Revista de Economia Mundial,1576-0162,0.260,0.306,0.000090,0.058
366,B E Journal of Theoretical Economics,1935-1704,0.246,0.276,0.000290,0.187
367,REVUE D ETUDES COMPARATIVES EST-OUEST,0338-0599,0.238,0.180,0.000080,0.060
368,Estudios de Economia,0718-5286,0.227,0.426,0.000090,0.134
368,International Journal of Economic Theory,1742-7355,0.227,0.307,0.000200,0.140
370,REVUE D ECONOMIE POLITIQUE,0373-2630,0.224,0.306,0.000260,0.121
371,FinanzArchiv,0015-2218,0.184,0.485,0.000270,0.217
372,Korean Economic Review,0254-3737,0.174,0.176,0.000020,0.032
373,Review of Network Economics,2194-5993,0.143,0.732,0.000200,0.284
Copyright Â© 2020 Clarivate Analytics,,,,,,
"By exporting the selected data, you agree to the data usage policy set forth in the Terms of Use",,,,,,
